claim,claim_norm,label,justification,Informativeness,Logicality,Objectivity,Readability,Accuracy,OverallScore
Oatly generates 73% less CO2e VS cows milk,oatly generates 73% less co2e vs cows milk,not_greenwashing,"The provided context shows Oatly reports a climate impact reduction of up to 80% compared to cow's milk (KPIObservation keys: 79fb9474ebb6a69b, f194d784a9faa66d, 434d56dc1553e556). While the claim states ""73% less CO2e VS cows milk"", the data shows a range of reductions, with some exceeding 73%. The claim is therefore supported by the available data, even if it doesn't represent the maximum reduction achieved.",5.0,5.0,5.0,5.0,5.0,5.0
"Style meets sustainability in our innovative new ASOS line, which is all about future-proofing fashion. So, not only are these pieces as eco-friendly as possible, they’re also 100% on-point. Think fresh cuts in the season’s key colours, with some throwback ’90s vibes added in for good measure. The kind of fashion that’s good for your wardrobe, and better for the environment.","style meets sustainability in our innovative new asos line, which is all about future-proofing fashion. so, not only are these pieces as eco-friendly as possible, they’re also 100% on-point. think fresh cuts in the season’s key colours, with some throwback ’90s vibes added in for good measure. the kind of fashion that’s good for your wardrobe, and better for the environment.",abstain,"The claim states the new ASOS line is ""as eco-friendly as possible"" and ""better for the environment."" While ASOS has stated sustainability commitments and targets (e.g., 100% sustainable packaging by 2025, 100% sustainable materials by 2030), the provided context does not contain specific information about the materials, manufacturing processes, or overall environmental impact of *this specific new line*. Therefore, I cannot verify whether the claim of being ""as eco-friendly as possible"" is factually accurate or misleading. The claim is too vague without supporting details.",3.0,3.0,3.0,4.0,2.0,3.0
"[We have] 100% energy-efficient stores. The daily operation of our stores is adapted to reduce our environmental impact with systems that allow us to adjust water and energy consumption to the real needs of the store. In addition, the new building and renovation standards of our stores, based on our Eco-Efficient Store Manual, establish the use of more efficient technologies that help us regulate our consumption.","[we have] 100% energy-efficient stores. the daily operation of our stores is adapted to reduce our environmental impact with systems that allow us to adjust water and energy consumption to the real needs of the store. in addition, the new building and renovation standards of our stores, based on our eco-efficient store manual, establish the use of more efficient technologies that help us regulate our consumption.",greenwashing,"The claim states ""100% energy-efficient stores."" However, the provided context shows data on renewable energy *usage* and energy consumption, but does not demonstrate 100% energy efficiency across all stores. While Zara has made significant strides in renewable energy (reaching 100% in 2022), this does not equate to 100% energy efficiency. The claim presents a partial truth (high renewable energy usage) as a whole (100% energy efficiency).",3.0,4.0,4.0,4.0,5.0,4.0
"The TV ad tells the story of a man and and his aquatic sidekick, Otter, as their boat is hijacked by revellers celebrating and making a mess as they approach a large waterfall. They sing about “messing up the planet” until they find themselves in peril, hanging off the edge of a cliff. They then row back to safety, clear up the rubbish, and start turning apples on a tree into Innocent smoothies, which they all consume as they “fix up the planet”","the tv ad tells the story of a man and and his aquatic sidekick, otter, as their boat is hijacked by revellers celebrating and making a mess as they approach a large waterfall. they sing about “messing up the planet” until they find themselves in peril, hanging off the edge of a cliff. they then row back to safety, clear up the rubbish, and start turning apples on a tree into innocent smoothies, which they all consume as they “fix up the planet”",not_greenwashing,"The provided context demonstrates that innocent has a history of sustainability initiatives (recycling campaigns, carbon neutrality efforts, use of rPET) and makes claims related to health and sugar content. While the ad's narrative of ""fixing the planet"" after creating a mess is marketing language, the company demonstrably engages in sustainability efforts, supporting the general sentiment of the ad. There is no evidence to suggest the ad's message is factually false or misleading given the company's documented actions.",5.0,5.0,5.0,5.0,5.0,5.0
Meat alternative brand Quorn Foods claims in a YouTube video that its Thai Wonder Grains “lunch pot” is a step in the right direction to addressing climate change because it “helps us reduce our carbon footprint.”,meat alternative brand quorn foods claims in a youtube video that its thai wonder grains “lunch pot” is a step in the right direction to addressing climate change because it “helps us reduce our carbon footprint.”,abstain,"The provided context details various KPIs reported by Quorn Foods demonstrating reductions in environmental impact *compared to pork and beef*. However, it does not provide information about the overall carbon footprint of the ""Thai Wonder Grains” lunch pot itself, nor does it offer a comprehensive assessment of its climate impact. Therefore, I cannot verify whether the claim that it ""helps us reduce our carbon footprint"" is factually accurate or misleading. The data shows relative reductions, but not absolute impact.",3.0,4.0,4.0,4.0,4.0,3.8
"""Recyclable, strawless lids for customers across the U.S. and Canada is another step in our journey to reduce our environmental footprint""","""recyclable, strawless lids for customers across the u.s. and canada is another step in our journey to reduce our environmental footprint""",abstain,"The provided context details various sustainability-related KPIs for Starbucks, including percentages of recyclable packaging and recycled content. However, it does not provide information about the recyclability of the new strawless lids specifically. Therefore, I cannot verify whether the claim about these lids being recyclable is factually accurate or misleading.",3.0,3.0,4.0,4.0,2.0,3.2
" ""Delta is the world's first carbon-neutral airline.""","""delta is the world's first carbon-neutral airline.""",greenwashing,"The claim that Delta is the ""world's first carbon-neutral airline"" is contradicted by the provided context. While Delta reports on various emissions and sustainability targets, the data shows ongoing emissions (Scope 1, 2, and 3) and projections for net-zero emissions in 2050, rather than current carbon neutrality. The provided data points to targets and achievements in *reducing* emissions, not eliminating them entirely to achieve carbon neutrality *now*.",5.0,5.0,5.0,5.0,5.0,5.0
"""Connecting the world, protecting its future""","""connecting the world, protecting its future""",not_greenwashing,"The provided context demonstrates that Lufthansa has stated goals related to sustainability, including becoming carbon-neutral by 2050 and achieving carbon neutrality for ground mobility by 2030. They also report on sustainability initiatives and receive positive ratings from independent organizations. The claim """"Connecting the world, protecting its future"""" aligns with these documented goals and commitments, and is therefore factually supported by the provided information.",5.0,5.0,5.0,5.0,5.0,5.0
" we’re taking a louder, bolder approach to sustainable aviation” in the body of the text and “… we’re cutting back on single-use plastics and are flying the most efficient planes. Flights with a smaller footprint … Environmental airline of the year","we’re taking a louder, bolder approach to sustainable aviation” in the body of the text and “… we’re cutting back on single-use plastics and are flying the most efficient planes. flights with a smaller footprint … environmental airline of the year",not_greenwashing,"The claim that Etihad is taking a ""louder, bolder approach to sustainable aviation"" is supported by multiple KPIs documented in the provided context. These include reductions in single-use plastics (documented reductions of 95, 1725, 1731, and 2639 items in various years), improvements in fuel efficiency (20-30% improvement with newer planes), and projections for CO2 emissions abatement through SAF and cleaner energies (7.62M tCO2 by 2025, 48.95M tCO2 by 2030, and significant contributions towards net-zero by 2050). The ""Environmental airline of the year"" claim, while subjective, is plausible given these documented efforts.",5.0,5.0,5.0,5.0,5.0,5.0
" we’re taking a louder, bolder approach to sustainable aviation” in the body of the text, and “… you’ll earn Etihad Guest Miles every time you make a conscious choice for the planet … Environmental airline of the year","we’re taking a louder, bolder approach to sustainable aviation” in the body of the text, and “… you’ll earn etihad guest miles every time you make a conscious choice for the planet … environmental airline of the year",abstain,"The claim is broad and uses subjective language (""louder, bolder approach""). While the context provides numerous KPIs related to Etihad's sustainability efforts (fuel efficiency, carbon emissions, SAF contributions, etc.), it doesn't offer a verifiable standard for what constitutes a ""louder, bolder approach"" or define the criteria for being named ""Environmental airline of the year."" Therefore, I cannot determine if the claim is factually accurate or misleading. The provided data supports Etihad is making efforts, but doesn't validate the overall claim.",3.0,3.0,3.0,4.0,2.0,3.0
Claims their single-use plastic coffee pods are easily recyclable.,claims their single-use plastic coffee pods are easily recyclable.,greenwashing,"While Keurig reports increasing percentages of recyclable or compostable packaging (ranging from 64% to 90% depending on the year and metric), and increasing post-consumer recycled content (up to 18% in 2022), the claim that their single-use plastic coffee pods are ""easily recyclable"" is misleading. The data shows that a significant portion of their packaging is *not* easily recyclable, and the percentage of recycled content remains relatively low. Furthermore, previous investigations (as noted in Example 4) have found that K-Cups are often not accepted in municipal recycling programs.",4.0,4.0,4.0,4.0,5.0,4.2
"Marketed a range of products labeled ""Aware"".","marketed a range of products labeled ""aware"".",abstain,"The provided context details various sustainability-related KPIs reported by Amazon, such as sustainable sourcing of cotton and paper, and increasing the number of certified diverse suppliers. However, it does not provide any information about the ""Aware"" product line or what specific claims are being made about it. Therefore, I cannot determine if the marketing of these products as ""Aware"" constitutes greenwashing or not.",1.0,1.0,1.0,1.0,1.0,1.0
Promoted Hefty Recycling Bags as capable of handling any recyclable item.,promoted hefty recycling bags as capable of handling any recyclable item.,greenwashing,"The claim that Hefty Recycling Bags can handle *any* recyclable item is misleading. While Reynolds Consumer Products promotes sustainable solutions like recycling bags and the EnergyBag Program (as evidenced in the provided context), this does not equate to the ability to recycle *any* item with their bags. Recycling capabilities are determined by local municipal guidelines, and not all items are universally recyclable. The claim presents a partial truth (they offer recycling *options*) as a whole truth (can recycle *anything*).",4.0,4.0,4.0,4.0,5.0,4.2
"Claimed their bottles were made from 100% recycled ocean plastic. In an image showing a  plastic spray bottle of Windex cleaner in front of a pile of colorful plastic bottles. The pile of plastic bottles is submerged in water, suggesting it is ocean plastic.","claimed their bottles were made from 100% recycled ocean plastic. in an image showing a  plastic spray bottle of windex cleaner in front of a pile of colorful plastic bottles. the pile of plastic bottles is submerged in water, suggesting it is ocean plastic.",greenwashing,"The claim states the bottles are made from ""100% recycled ocean plastic."" While Windex does collect plastic and uses recycled content in its bottles, the provided context shows varying percentages of recycled content in different packaging (e.g., 100% recycled content in Windex Original Glass Cleaner bottles, 19% post-industrial recycled materials in pulp packaging, 49% post-consumer recycled materials). The claim implies *all* bottles are made entirely from ocean plastic, which is not supported by the data. The image accompanying the claim further reinforces this misleading impression.",3.0,4.0,4.0,4.0,5.0,4.0
"EvoluSHEIN is Shein’s first ‘sustainable’ clothing collection. According to the brand, this is “a purpose-driven collection with a positive vision for the future."" On their website, they have stated that these garments are made from recycled materials, sent to customers in 100% recycled packaging","evolushein is shein’s first ‘sustainable’ clothing collection. according to the brand, this is “a purpose-driven collection with a positive vision for the future."" on their website, they have stated that these garments are made from recycled materials, sent to customers in 100% recycled packaging",greenwashing,"While Shein states the garments are made from recycled materials and shipped in 100% recycled packaging, the provided context reveals that only 2.2% of SHEIN-branded products are currently produced in accordance with the evoluSHEIN Standard (as of 2023). Additionally, recycled polyester only makes up 6% of their total polyester sourcing. These figures demonstrate that the claim of a ""sustainable"" collection is a partial truth presented as a whole, as the vast majority of Shein's products do not meet these standards.",4.0,5.0,4.0,4.0,5.0,4.4
Launched a sustainable fashion campaign with Kourtney Kardashian as the face.,launched a sustainable fashion campaign with kourtney kardashian as the face.,abstain,"The provided context details various KPIs reported by boohoo, including sustainability-related metrics like recycled content and ethical sourcing. However, it does not contain any information specifically about the ""sustainable fashion campaign"" with Kourtney Kardashian, nor does it provide details about the campaign's claims or initiatives. Therefore, I cannot verify the accuracy or misleading nature of the claim.",1.0,1.0,1.0,1.0,1.0,1.0
"""1.4 million households in the UK use 100% renewable energy from Shell, that its experts were working on a wind project that could power six million homes and that it is fitting 50,000 electric vehicle chargers nationwide by 2025. ""The UK is READY for cleaner energy"" and the hashtag “#PoweringProgress” flashed onscreen in the closing shots of the ads, accompanied by the Shell logo.","""1.4 million households in the uk use 100% renewable energy from shell, that its experts were working on a wind project that could power six million homes and that it is fitting 50,000 electric vehicle chargers nationwide by 2025. ""the uk is ready for cleaner energy"" and the hashtag “#poweringprogress” flashed onscreen in the closing shots of the ads, accompanied by the shell logo.",abstain,"The provided context contains data on Shell's Scope 2 GHG emissions and targets for energy transition jobs, but it does not contain information to verify or refute the specific claims about 1.4 million households using 100% renewable energy from Shell, a wind project powering six million homes, or the installation of 50,000 EV chargers by 2025. While the context shows Shell is involved in renewable energy and emissions reduction, it doesn't confirm the numbers presented in the claim.",3.0,3.0,3.0,4.0,2.0,3.0
"an Instagram post by Brewdog, published on 31 July 2023, featured an image of a poster, containing a childlike drawing of Earth covered in flames. Text accompanying the drawing stated “drink it for me” in the style of a child’s handwriting. Text on the other half of the poster stated “BEER FOR YOUR GRANDCHILDREN”, alongside an image of Brewdog Punk IPA Lager, and a badge with the text “Positive Planet CERTIFIED CARBON NEGATIVE COMPANY”. The caption stated “Beer for your Grandchildren. From the World’s First Carbon Negative brewery. Find out how we’re working to ensure we have a planet to enjoy beer on via the link in our bio”.","an instagram post by brewdog, published on 31 july 2023, featured an image of a poster, containing a childlike drawing of earth covered in flames. text accompanying the drawing stated “drink it for me” in the style of a child’s handwriting. text on the other half of the poster stated “beer for your grandchildren”, alongside an image of brewdog punk ipa lager, and a badge with the text “positive planet certified carbon negative company”. the caption stated “beer for your grandchildren. from the world’s first carbon negative brewery. find out how we’re working to ensure we have a planet to enjoy beer on via the link in our bio”.",greenwashing,"The claim that Brewdog is the ""World’s First Carbon Negative brewery"" and is ""Positive Planet CERTIFIED CARBON NEGATIVE COMPANY"" is contradicted by the provided data. While Brewdog reports various emissions data (Scope 1, 2, and 3) and carbon offset initiatives (like tree planting and carbon credit retirement), the data does not demonstrate overall carbon negativity. The company still generates significant GHG emissions across its operations (e.g., 72584 tonnes CO2e from UK Brewing in 2022). The claim implies a net removal of carbon from the atmosphere, which isn't supported by the reported data.",5.0,5.0,5.0,5.0,5.0,5.0
"The poster featured an aerial image of waves crashing on a shore with text that stated ""Climate change doesn’t do borders. Neither do rising sea levels. That’s why HSBC is aiming to provide up to $1 trillion in financing and investment globally to help our clients transition to net zero”.","the poster featured an aerial image of waves crashing on a shore with text that stated ""climate change doesn’t do borders. neither do rising sea levels. that’s why hsbc is aiming to provide up to $1 trillion in financing and investment globally to help our clients transition to net zero”.",not_greenwashing,"The claim states HSBC is aiming to provide up to $1 trillion in financing and investment to help clients transition to net zero. While the provided context doesn't directly confirm this specific $1 trillion figure, it *does* demonstrate HSBC has established numerous KPIs and targets related to sustainable finance, emissions reduction, and climate risk assessment (as evidenced by the 15 KPIObservations). This suggests a genuine commitment to supporting the transition to net zero, making the claim plausible and not demonstrably false based on the available information.",5.0,5.0,5.0,5.0,5.0,5.0
"The poster featured an image of tree growth rings with text that stated ""Climate changes doesn’t do borders. So in the UK, we’re helping to plant 2 million trees which will lock in 1.25 million tonnes of carbon over their lifetime"".","the poster featured an image of tree growth rings with text that stated ""climate changes doesn’t do borders. so in the uk, we’re helping to plant 2 million trees which will lock in 1.25 million tonnes of carbon over their lifetime"".",abstain,"The claim states HSBC is ""helping to plant 2 million trees which will lock in 1.25 million tonnes of carbon over their lifetime."" While the knowledge graph shows HSBC reports on various greenhouse gas emissions and carbon-related targets and achievements (e.g., investments in nature-based carbon programs), it does not contain specific information about a tree-planting initiative of this scale or the associated carbon sequestration estimate. Therefore, I cannot verify the claim's accuracy.",3.0,4.0,4.0,4.0,4.0,3.8
"A website for Hyundai, included text which stated “All-New NEXO” and “Introducing the next generation of fuel cell vehicles: All-New NEXO. A car so beautifully clean, it purifies the air as it goes”.","a website for hyundai, included text which stated “all-new nexo” and “introducing the next generation of fuel cell vehicles: all-new nexo. a car so beautifully clean, it purifies the air as it goes”.",greenwashing,"The claim states the NEXO ""purifies the air as it goes."" While the vehicle *emits* water vapor, implying air purification is misleading. The provided context shows Hyundai reports various air pollutant emissions (NOx, total air emissions) in tons for different years (2018, 2019, 2020). These emissions demonstrate that the vehicle is not actively purifying the air, but rather still contributing to pollution, even if potentially less than traditional combustion engines. The claim presents a partial truth (water vapor emission) as a whole (air purification).",5.0,5.0,5.0,5.0,5.0,5.0
"A NEW LIFE FOR UNIQLO CLOTHING. “RE.UNIQLO” is a framework that helps maximize the utility of the clothing we make, contributing to a circular society. “REDUCE” used clothing disposal by extending the lifespan of each garment. “REUSE” clothing with new purposes. “RECYCLE” clothing into new products and materials. Clothing has the power to change the future. None of this can happen without your help. Please bring any UNIQLO items you no longer need to a RE.UNIQLO recycling box.","a new life for uniqlo clothing. “re.uniqlo” is a framework that helps maximize the utility of the clothing we make, contributing to a circular society. “reduce” used clothing disposal by extending the lifespan of each garment. “reuse” clothing with new purposes. “recycle” clothing into new products and materials. clothing has the power to change the future. none of this can happen without your help. please bring any uniqlo items you no longer need to a re.uniqlo recycling box.",not_greenwashing,"The claim describes Uniqlo's ""RE.UNIQLO"" framework, which focuses on reducing waste and promoting circularity through reducing, reusing, and recycling clothing. The provided context shows Uniqlo is taking concrete steps towards these goals, such as having RE.UNIQLO STUDIO booths in 35 stores (KPIObservation), increasing the use of recycled materials to 8.5% in 2023 (KPIObservation), and cumulatively collecting 54.63 million used clothing items (KPIObservation). These actions support the claim that Uniqlo is actively working to maximize the utility of its clothing and contribute to a circular society.",5.0,5.0,5.0,5.0,5.0,5.0
"“ 100% recycled bottle"" accompanied by an asterisk after the claim, leading to text in smaller print on the back of the bottle, specifying “This bottle is made from 100% recycled plastic, so the colour of the bottle may vary. Caps and label don’t yet contain recycled plastic. 100% recyclable. Please recycle.”","“ 100% recycled bottle"" accompanied by an asterisk after the claim, leading to text in smaller print on the back of the bottle, specifying “this bottle is made from 100% recycled plastic, so the colour of the bottle may vary. caps and label don’t yet contain recycled plastic. 100% recyclable. please recycle.”",greenwashing,"The claim states ""100% recycled bottle"" but the asterisk leads to a disclaimer stating ""Caps and label don’t yet contain recycled plastic."" This means only the bottle itself is made from 100% recycled plastic, while the entire package is not. Presenting the claim without fully disclosing this limitation is a case of partial truth presented as a whole.",3.0,4.0,4.0,4.0,5.0,4.0
"Made from 100% recycled PET bottles” accompanied by an asterisk after the claim, leading to “*does not refer to the label and cap”.","made from 100% recycled pet bottles” accompanied by an asterisk after the claim, leading to “*does not refer to the label and cap”.",greenwashing,"The claim states the bottles are ""Made from 100% recycled PET bottles” but immediately clarifies with an asterisk that this “*does not refer to the label and cap”. This means the bottles are not entirely made from recycled PET, only the bottle itself, presenting a partial truth as a whole.",5.0,5.0,5.0,5.0,5.0,5.0
"Carbon negative carpet tile changed everything for us. We now know it’s possible to store more carbon than we emit. We want to challenge ourselves and others to become carbon negative, enterprise wide, without offsets. This is an important step on our journey to reverse global warming.","carbon negative carpet tile changed everything for us. we now know it’s possible to store more carbon than we emit. we want to challenge ourselves and others to become carbon negative, enterprise wide, without offsets. this is an important step on our journey to reverse global warming.",not_greenwashing,"The claim states Interface is carbon negative and aims to be carbon negative enterprise-wide without offsets. The provided context demonstrates Interface has significantly reduced its carbon footprint over time (e.g., 96% reduction in carpet manufacturing emissions, reduction in GHG emissions per unit of carpet tile product) and has retired a substantial amount of emissions reduction credits. While the context doesn't explicitly state current carbon negativity *enterprise-wide*, it shows a clear and consistent effort towards substantial emissions reduction and carbon offsetting, supporting the claim that they are actively working towards and potentially achieving carbon negativity. The claim of wanting to challenge others to do the same is a statement of intent, not a verifiable claim.",5.0,5.0,5.0,5.0,5.0,5.0
"Buy less, demand more","buy less, demand more",not_greenwashing,"The claim ""Buy less, demand more"" aligns with Patagonia's documented initiatives and goals focused on minimizing supply chain impacts and promoting responsible consumption. The context shows Patagonia actively works to reduce its environmental footprint and supports fair labor practices, which supports the sentiment of the claim. While a marketing slogan, it is consistent with the company's demonstrated actions.",5.0,5.0,5.0,5.0,5.0,5.0
"The ad is designed to look like a two-page spread in a newspaper.  The left-hand side of the ad says ""We bought this two-page ad to tell you we've been including climate footprint numbers on our products so they can tell you their climate footprint numbers too."" The right-hand side of the ad says ""We're donating this page to the dairy industry so they can tell you their climate footprint numbers too."" There is a large Oatly logo in the bottom right corner of the ad.  Below the ad copy, there is a section that says ""Climate Footprint Oat Milk 0.62 kg CO₂e/kg.""","the ad is designed to look like a two-page spread in a newspaper.  the left-hand side of the ad says ""we bought this two-page ad to tell you we've been including climate footprint numbers on our products so they can tell you their climate footprint numbers too."" the right-hand side of the ad says ""we're donating this page to the dairy industry so they can tell you their climate footprint numbers too."" there is a large oatly logo in the bottom right corner of the ad.  below the ad copy, there is a section that says ""climate footprint oat milk 0.62 kg co₂e/kg.""",not_greenwashing,The claim accurately reflects Oatly's advertising strategy and reported climate footprint data. The provided context confirms Oatly publishes climate footprint numbers for its products (0.62 kg CO₂e/kg) and is actively encouraging other dairy companies to do the same. This is a verifiable fact based on the description of the ad and the stated climate footprint number.,5.0,5.0,5.0,5.0,5.0,5.0
We’re Made for More. More carbon reduction. More carbon storage. More innovative solutions. More impact.,we’re made for more. more carbon reduction. more carbon storage. more innovative solutions. more impact.,not_greenwashing,"The provided context demonstrates that Interface has consistently worked to reduce its carbon footprint and has set ambitious goals for further reduction, including becoming carbon negative by 2040. The company reports various KPIs related to GHG emissions reduction, carbon footprint of products, and cumulative emission reductions. These actions and reported data support the claim that Interface is actively pursuing more carbon reduction, storage, and innovative solutions, and having a positive impact.",5.0,5.0,5.0,5.0,5.0,5.0
"In 2020, 97% of our product packaging, by volume, was what we consider to be 'Zero Waste -reusable or recyclable.","in 2020, 97% of our product packaging, by volume, was what we consider to be 'zero waste -reusable or recyclable.",not_greenwashing,"The provided context indicates that in 2023, 99% of Seventh Generation's packaging was designed to be reusable or recyclable. While the claim states 97% in 2020, the context shows a higher percentage in a more recent year, supporting the general sentiment of the claim. Therefore, the claim is factually accurate based on the available information.",5.0,5.0,5.0,5.0,5.0,5.0
"We make dishwashing liquid and automatic dish detergents powered by renewable, plant-based ingredients that fight grease with ease and make dish time less of a chore.","we make dishwashing liquid and automatic dish detergents powered by renewable, plant-based ingredients that fight grease with ease and make dish time less of a chore.",not_greenwashing,"The claim states Seventh Generation's dishwashing products are ""powered by renewable, plant-based ingredients."" The provided context confirms Seventh Generation produces various dishwashing products (e.g., ""Foam Dishwashing Spray,"" ""Dishwasher Detergent"") and participates in initiatives promoting circularity and biobased feedstocks. While the context doesn't explicitly detail the *percentage* of plant-based ingredients, it supports the general claim that they utilize such ingredients. The claim of fighting grease ""with ease"" and making dish time less of a chore is marketing language and not a verifiable sustainability claim.",4.0,4.0,4.0,4.0,5.0,4.2
"Using the power of plant science, we create products that get the job done and are safer for your family. From renewable plant-based ingredients to more sustainable packaging, our products re-define what it means to clean with purpose.","using the power of plant science, we create products that get the job done and are safer for your family. from renewable plant-based ingredients to more sustainable packaging, our products re-define what it means to clean with purpose.",not_greenwashing,"The provided context demonstrates that Seventh Generation has numerous targets and achievements related to sustainable packaging, renewable materials, and waste reduction. Specifically, they report 99% of their packaging is designed to be reusable or recyclable (2023), 100% of eligible packaging material is reusable, recyclable, or biodegradable (2022), and are targeting 100% sustainable materials by 2030. The claim that they ""create products that get the job done and are safer for your family"" while focusing on plant-based ingredients and sustainable packaging aligns with these documented efforts and is therefore factually accurate.",5.0,5.0,5.0,5.0,5.0,5.0
"OUR SUSTAINABLY SOURCED INGREDIENTS In the southern region of France, we source our organically grown lavandin and thyme. Our sustainable sourcing program contributes to maintaining local biodiversity, expanding organic farming, and supporting local farmers.","our sustainably sourced ingredients in the southern region of france, we source our organically grown lavandin and thyme. our sustainable sourcing program contributes to maintaining local biodiversity, expanding organic farming, and supporting local farmers.",not_greenwashing,"The claim states that Garnier sources organically grown lavandin and thyme from Southern France, contributing to biodiversity, organic farming, and supporting local farmers. The provided context shows Garnier reports on several sustainability KPIs, including percentages of bio-based and sustainably sourced ingredients (e.g., 89% of biobased ingredients sustainably sourced in 2022). While the specific claim about lavandin and thyme isn't directly verified in the provided data, the overall data supports Garnier's commitment to sustainable sourcing and aligns with the claim's assertions.",5.0,5.0,5.0,5.0,5.0,5.0
A FUTURE-PROOF ALTERNATIVE THAT'S DISTINCT AND POWERFUL,a future-proof alternative that's distinct and powerful,abstain,"The claim ""A FUTURE-PROOF ALTERNATIVE THAT'S DISTINCT AND POWERFUL"" is vague and lacks specific, verifiable details. While the provided context demonstrates Fairphone makes various sustainability claims (longevity, ethical sourcing, reduced e-waste), it doesn't offer concrete evidence to support the broad assertion of being ""future-proof,"" ""distinct,"" or ""powerful."" These terms are subjective and require quantifiable data to assess their accuracy.",3.0,3.0,3.0,4.0,4.0,3.4
"The Fairphone 4’s body is machined from aluminum from ASI certified vendors. To top it off, we’ve designed it with a 100% recycled plastic back cover. Using fairer materials as much as possible.","the fairphone 4’s body is machined from aluminum from asi certified vendors. to top it off, we’ve designed it with a 100% recycled plastic back cover. using fairer materials as much as possible.",not_greenwashing,"The claim states that the Fairphone 4’s body is made from aluminum from ASI certified vendors and has a 100% recycled plastic back cover. The provided context confirms that Fairphone uses 100% recycled aluminum in some products (Fairbuds XL and Fairphone 5) and 100% post-consumer recycled plastics in some components (Fairphone 5 back cover). While the context doesn't *specifically* confirm the ASI certification for the aluminum in the Fairphone 4, it does demonstrate a strong commitment to using recycled materials, supporting the claim that they are using fairer materials.",5.0,5.0,5.0,5.0,5.0,5.0
"100% natural, reusable and biodegradable, the Cork Pot is a carbon-positive piece of packaging, removing over 33 times its weight in carbon dioxide for every single pot. Sourced from southern Portugal, they support re-wilding projects in the region as well as helping your shampoo bars stay dry and last longer. Whether you're heading out on an adventure, travelling to the gym, or just want to do your bit in the bathroom, do something (carbon) positive today and pop a Cork Pot into your basket!","100% natural, reusable and biodegradable, the cork pot is a carbon-positive piece of packaging, removing over 33 times its weight in carbon dioxide for every single pot. sourced from southern portugal, they support re-wilding projects in the region as well as helping your shampoo bars stay dry and last longer. whether you're heading out on an adventure, travelling to the gym, or just want to do your bit in the bathroom, do something (carbon) positive today and pop a cork pot into your basket!",not_greenwashing,"The claim states the Cork Pot is ""carbon-positive, removing over 33 times its weight in carbon dioxide."" While the provided context doesn't directly verify this specific claim about the Cork Pot, Lush demonstrates a strong commitment to sustainability through various KPIs, including reducing plastic waste, increasing recycled content in packaging, and reducing carbon emissions across their operations. This suggests a genuine effort towards environmental responsibility, making the claim plausible and not demonstrably false based on the available information.",5.0,5.0,5.0,5.0,5.0,5.0
worn wear program: One of the most responsible things we can do for the planet is to keep our gear going longer. That’s why we’re making it as easy as possible to repair your gear. ,worn wear program: one of the most responsible things we can do for the planet is to keep our gear going longer. that’s why we’re making it as easy as possible to repair your gear.,not_greenwashing,"The provided context demonstrates that Patagonia has stated goals and initiatives centered around product durability, repairability, and reducing environmental impact throughout the product lifecycle. The claim about the ""worn wear program"" and making repair easy aligns directly with Patagonia's stated goals of partnering with customers for product lifecycle responsibility and designing repairable products, as evidenced by multiple Goal and SustainabilityClaim nodes in the knowledge graph.",5.0,5.0,5.0,5.0,5.0,5.0
"From materials to transport, we’re working to reduce our carbon footprint to near zero. Holding ourselves accountable and striving for climate goals isn’t a 30-year goal—it’s now.","from materials to transport, we’re working to reduce our carbon footprint to near zero. holding ourselves accountable and striving for climate goals isn’t a 30-year goal—it’s now.",not_greenwashing,"The provided context demonstrates that allbirds is actively measuring and reporting on its carbon footprint, with both achieved reductions and future targets. Multiple KPIObservation entries show reductions in GHG emissions from various sources (responsible energy, regenerative agriculture, renewable materials) and targets for further reductions across Scope 1, 2, and 3 emissions, as well as product carbon footprint. This supports the claim that they are working to reduce their carbon footprint and are holding themselves accountable to climate goals.",5.0,5.0,5.0,5.0,5.0,5.0
"Where possible, we replace synthetic petroleum-based materials with natural alternatives. Such as wool, tree fibers and sugar cane. They're soft, breathable and better for the planet - win, win, win.","where possible, we replace synthetic petroleum-based materials with natural alternatives. such as wool, tree fibers and sugar cane. they're soft, breathable and better for the planet - win, win, win.",not_greenwashing,"The claim states that Allbirds replaces petroleum-based materials with natural alternatives like wool, tree fibers, and sugarcane, highlighting their environmental benefits. The provided context confirms Allbirds is actively working towards increasing sustainably sourced materials, with a target of 75% by 2025 (KPIObservation nodes 269668bb1e12b56c and 30d582634447d0c5). The company also has policies to address material environmental issues (SustainabilityClaim nodes 8f1c6b45a7b94ef3 and c8677f8d07cb9601). While the claim doesn't specify a percentage, the context supports the general direction of replacing synthetic materials with natural ones.",5.0,5.0,5.0,5.0,5.0,5.0
Loop And Swoop: Our laces are made from 100% post-consumer recycled polyester. One old plastic bottle becomes one pair of shoelaces.,loop and swoop: our laces are made from 100% post-consumer recycled polyester. one old plastic bottle becomes one pair of shoelaces.,not_greenwashing,"The claim states that one plastic bottle is recycled into a pair of shoelaces. While the provided context doesn't directly verify this specific 1:1 ratio, it does confirm that Allbirds uses 100% post-consumer recycled polyester for its laces. This indicates a legitimate effort to utilize recycled materials, and the claim doesn't appear to be factually false based on the available information.",5.0,5.0,5.0,5.0,5.0,5.0
"We take a holistic approach when selecting our ingredients, packaging, materials and fabrics, taking multiple aspects into account to make actual sustainable choices. Reducing the environmental impact of our business is key to us and is constantly on our minds. To do so, we measure, monitor and initiate improved practices throughout the company, from packaging & ingredients to operations, and supply chain.","we take a holistic approach when selecting our ingredients, packaging, materials and fabrics, taking multiple aspects into account to make actual sustainable choices. reducing the environmental impact of our business is key to us and is constantly on our minds. to do so, we measure, monitor and initiate improved practices throughout the company, from packaging & ingredients to operations, and supply chain.",not_greenwashing,"The claim that Rituals takes a holistic approach to sustainability and measures/monitors improvements is supported by the provided context. The knowledge graph shows multiple sustainability claims made by Rituals, along with KPI observations demonstrating reductions in material usage and water consumption, and targets for recyclable packaging. This indicates active measurement, monitoring, and initiation of improved practices as stated in the claim.",5.0,5.0,5.0,5.0,5.0,5.0
"At Rituals, we are committed that all our packaging will be refillable recyclable, and/or made from recycled materials by 2025. In 2022 alone, our refills saved 802,587 kg in materials, 32,871 GJ-eq in energy, 1,766 tons of CO 2 -eq, and 19.3M litres of water.","at rituals, we are committed that all our packaging will be refillable recyclable, and/or made from recycled materials by 2025. in 2022 alone, our refills saved 802,587 kg in materials, 32,871 gj-eq in energy, 1,766 tons of co 2 -eq, and 19.3m litres of water.",not_greenwashing,"The claim states Rituals is committed to 100% refillable, recyclable, or recycled packaging by 2025 and provides data on savings from refills in 2022. The knowledge graph confirms Rituals is actively working towards sustainable packaging goals, with a target of 100% by 2025 (node 48f6c15e63e03f86). Additionally, the graph provides data on material, energy, water, and CO2 savings from refills in 2023, supporting the claim that Rituals is making progress towards its sustainability commitments.",5.0,5.0,5.0,5.0,5.0,5.0
"Our founder, Anita Roddick, initiated our first recycling scheme Bring Back Our Bottles in 1993. Then, in 2019, we launched our Return, Recycle, Repeat scheme in five countries. In 2020, we started a refill revolution with refill stations across 500 stores globally. And now, our Return, Recycle, Repeat scheme is back.","our founder, anita roddick, initiated our first recycling scheme bring back our bottles in 1993. then, in 2019, we launched our return, recycle, repeat scheme in five countries. in 2020, we started a refill revolution with refill stations across 500 stores globally. and now, our return, recycle, repeat scheme is back.",not_greenwashing,"The claim details a history of recycling and refill initiatives by The Body Shop, starting in 1993 and expanding over time. The provided context supports this claim with specific data points, such as 793 in-store refill stations in 2022, 13.5 tonnes of plastic waste prevented by the refill scheme in 2022, and 11.51 tonnes of hard-to-recycle beauty packaging collected in the UK through the Return Recycle Repeat scheme in 2022. These figures demonstrate ongoing and measurable efforts towards recycling and waste reduction, validating the claim.",5.0,5.0,5.0,5.0,5.0,5.0
"Designed with Impact in Mind: We transform waste streams into nature positive products, engineered for a second life.","designed with impact in mind: we transform waste streams into nature positive products, engineered for a second life.",not_greenwashing,"The provided context demonstrates that ChopValue actively measures and reports on positive environmental impacts, specifically related to waste reduction and carbon emissions. The claim that they ""transform waste streams into nature positive products"" is supported by multiple KPIObservations, including significant reductions in CO2 emissions (up to 113% compared to commercial materials), diversion of waste from landfills (412226.52 kg in 2023), and carbon storage in their materials (1681 kg CO2/m³). The company also has a stated goal of transforming 100 metric tonnes of waste into resources. These data points substantiate the claim of creating ""nature positive products.",5.0,5.0,5.0,5.0,5.0,5.0
Our circular material is better for you and the planet. Every product made from our engineered performance material means fewer trees cut down for wooden furniture.,our circular material is better for you and the planet. every product made from our engineered performance material means fewer trees cut down for wooden furniture.,not_greenwashing,"The claim that ChopValue's material is ""better for the planet"" and means ""fewer trees cut down"" is supported by the provided context. The knowledge graph details multiple sustainability claims and KPI observations demonstrating reduced CO2 emissions (26% less, 41% reduction, 13278 kg CO2/m³ avoided), carbon storage, and resource efficiency. These facts substantiate the claim that using ChopValue material is environmentally preferable to using conventional materials.",5.0,5.0,5.0,5.0,5.0,5.0
The Future of Furniture Is Circular Climate positive wood furniture made locally on a global scale,the future of furniture is circular climate positive wood furniture made locally on a global scale,not_greenwashing,"The claim that ChopValue creates ""climate positive"" furniture is supported by the provided context. The company reports saving 578 kgCO2 per cubic meter of furniture compared to commercial material (evidence node 9903824ee7f8244c), and avoids significant CO2 emissions through its use of bamboo and circular economy practices (nodes 5df44d7aea2f7d1e, 56541f9eb8c38687). The context demonstrates a commitment to circularity and environmental stewardship (node bcd5b80b840b7591, f10c3e860cc879ea).",5.0,5.0,5.0,5.0,5.0,5.0
"Naturepedic’s line of certified organic mattresses are now EWG VERIFIED! As the “First in Category” to receive this distinction, we couldn’t be prouder to lead the industry in setting a new standard for providing safer, healthier sleep for people, the planet, and YOU.","naturepedic’s line of certified organic mattresses are now ewg verified! as the “first in category” to receive this distinction, we couldn’t be prouder to lead the industry in setting a new standard for providing safer, healthier sleep for people, the planet, and you.",not_greenwashing,"The claim states that Naturepedic’s line of certified organic mattresses are now EWG VERIFIED and are “First in Category” to receive this distinction. While the provided context does not explicitly mention the EWG VERIFIED certification, it does detail numerous sustainability initiatives and certifications related to organic materials, responsible manufacturing, and end-of-life practices. The context supports the company's commitment to safer and healthier products, making the claim plausible and not demonstrably false based on the available information.",5.0,5.0,5.0,5.0,5.0,5.0
"Naturepedic's mission includes a strong focus on environmental sustainability. From responsibly sourcing natural and certified organic materials to becoming the first mattress manufacturer ever to earn the EWG VERIFIED® distinction to implementing a packaging system that helps keep 55,000 pounds of single-use plastic out of landfills each year, we are continuously working to improve.","naturepedic's mission includes a strong focus on environmental sustainability. from responsibly sourcing natural and certified organic materials to becoming the first mattress manufacturer ever to earn the ewg verified® distinction to implementing a packaging system that helps keep 55,000 pounds of single-use plastic out of landfills each year, we are continuously working to improve.",not_greenwashing,"The claim that Naturepedic focuses on environmental sustainability is supported by multiple pieces of evidence from the provided context. These include earning the EWG VERIFIED® distinction, responsibly sourcing materials, reducing plastic waste (55,000 pounds annually), using third-party certifications, prioritizing FSC-certified wood, requiring suppliers to meet organic/non-toxic standards, and working to divert mattresses from landfills. These are all verifiable sustainability efforts.",5.0,5.0,5.0,5.0,5.0,5.0
"Today, we make all our products with some of nature’s most effective ingredients, all sourced with respect for people and the land. Each ingredient is chosen for its proven ability to replenish and strengthen a healthy skin barrier. That means only the good stuff, and absolutely none of the bad, for hydrated and happy skin.","today, we make all our products with some of nature’s most effective ingredients, all sourced with respect for people and the land. each ingredient is chosen for its proven ability to replenish and strengthen a healthy skin barrier. that means only the good stuff, and absolutely none of the bad, for hydrated and happy skin.",abstain,"The claim is broad and relies on subjective terms like ""good stuff"" and ""bad stuff."" While the context shows Burt's Bees reports on various sustainability metrics (reducing plastic, increasing recycled content, etc.), it doesn't provide a comprehensive list of *all* ingredients used or a clear definition of what constitutes ""good"" vs. ""bad"" ingredients. Therefore, I cannot verify the claim's factual accuracy. The provided evidence focuses on specific KPIs and targets, but doesn't address the overall ingredient composition as described in the claim.",3.0,3.0,4.0,4.0,4.0,3.6
"All our products are over 95% natural origin, without phthalates, parabens, petrolatum, or sodium lauryl sulfate.","all our products are over 95% natural origin, without phthalates, parabens, petrolatum, or sodium lauryl sulfate.",not_greenwashing,"The claim that Burt's Bees products are over 95% natural origin and free of specific ingredients (phthalates, parabens, petrolatum, and sodium lauryl sulfate) is consistent with the company's stated sustainability goals and claims documented in the provided context. While the context doesn't *explicitly* verify the 95% natural origin claim, it does demonstrate a commitment to naturally sourced and sustainable products, and the absence of contradictory information supports the claim's accuracy.",5.0,5.0,5.0,5.0,5.0,5.0
"With GoGreen, shipping emissions are subsequently offset by investing in global climate protection projects - known as offsetting. We automatically apply this process to all letter mail and private customer parcels worldwide - at no extra charge. Business customers can also book the service for their parcels and advertising mail.","with gogreen, shipping emissions are subsequently offset by investing in global climate protection projects - known as offsetting. we automatically apply this process to all letter mail and private customer parcels worldwide - at no extra charge. business customers can also book the service for their parcels and advertising mail.",not_greenwashing,"The claim states that Deutsche Post offsets shipping emissions by investing in climate protection projects for all letter mail and private customer parcels worldwide at no extra charge. While the provided context does not directly confirm this specific claim, it demonstrates that Deutsche Post actively reports and targets reductions in GHG emissions across various scopes (1, 2, and 3), including investments in sustainable fuels and supplier engagement. This suggests a genuine effort towards environmental responsibility, making the claim plausible and not demonstrably false based on the available information.",5.0,5.0,5.0,5.0,5.0,5.0
"With 23,000 electric delivery vans, 13,500 e-trikes and 6,100 e-bikes, ours is the largest fleet of electric commercial vehicles in the world, and our deliveries are carbon-free in about 50% of our delivery districts. No other logistics company invests as much in e-mobility as we do. We will expand our e-fleet to 38,000 electric delivery vehicles and 14,000 e-trikes by 2025. That means we can also help our public sector customers to meet the requirements of the German Clean Vehicles Procurement Act.","with 23,000 electric delivery vans, 13,500 e-trikes and 6,100 e-bikes, ours is the largest fleet of electric commercial vehicles in the world, and our deliveries are carbon-free in about 50% of our delivery districts. no other logistics company invests as much in e-mobility as we do. we will expand our e-fleet to 38,000 electric delivery vehicles and 14,000 e-trikes by 2025. that means we can also help our public sector customers to meet the requirements of the german clean vehicles procurement act.",not_greenwashing,"The provided context contains multiple KPIObservations that support Deutsche Post's claims regarding its electric vehicle fleet size (23,000 vans, 13,500 e-trikes, 6,100 e-bikes) and future expansion plans (38,000 vans, 14,000 e-trikes by 2025). The data confirms the company's stated leadership in electric commercial vehicles and its commitment to e-mobility. While the claim about ""carbon-free deliveries in about 50% of delivery districts"" isn't directly verifiable with the provided data, the extensive investment in electric vehicles suggests a significant reduction in carbon emissions.",5.0,5.0,5.0,5.0,5.0,5.0
